<dune_plugin>
  <name>HDrepo</name>
  <caption>HDrepo</caption>
  <auto_resume>
    <enable>yes</enable>
  </auto_resume>
  <entry_points>
    <entry_point>
        <parent_media_url>root://applications</parent_media_url>
        <media_url>vod_category_list</media_url>
        <caption>HDrepo</caption>
        <icon_url>plugin_file://icons/logo.png</icon_url>
        <actions>
          <key_enter>
            <type>plugin_open_folder</type>
          </key_enter>
        </actions>
        <ip_address_required>yes</ip_address_required>
        <show_cookie_name>show_vod</show_cookie_name>
        <show_by_default>yes</show_by_default>
    </entry_point>
    <entry_point>
        <parent_media_url>setup://applications</parent_media_url>
        <media_url>setup</media_url>
        <caption>HDrepo</caption>
        <icon_url>plugin_file://icons/logo.png</icon_url>
        <actions>
          <key_enter>
            <type>plugin_open_folder</type>
          </key_enter>
        </actions>
    </entry_point>
  </entry_points>
  <type>php</type>
  <params>
     <program>demo.php</program>
  </params>
</dune_plugin>
