<dune_plugin>
	<name>HDrepo</name>
	<caption>HDrepo</caption>
	<entry_points>
		<entry_point>
			<parent_media_url>root://applications</parent_media_url>
			<media_url>main_menu</media_url>
			<caption>HDrepo</caption>
			<icon_url>plugin_file://icons/logo.png</icon_url>
			<actions>
				<key_enter>
					<type>plugin_open_folder</type>
				</key_enter>
			</actions>
			<ip_address_required>yes</ip_address_required>
			<show_by_default>yes</show_by_default> 
		</entry_point>
		<entry_point>
			<parent_media_url>setup://applications</parent_media_url>
			<media_url>setup</media_url>
			<caption>HDrepo</caption>
			<icon_url>plugin_file://icons/logo.png</icon_url>
			<actions>
				<key_enter>
					<type>plugin_open_folder</type>
				</key_enter>
			</actions>
	</entry_point> 		
	</entry_points>
	<type>php</type>
	<params>
		<program>hdrepo.php</program>
	</params>
	<version_index>1</version_index>
	<version>1.0</version>
	<check_update>
		<schema>1</schema>
		<url>https://raw2.github.com/trungk43/hdrepo_dune/master/update.txt</url>
		<timeout>10</timeout>
	</check_update>	
</dune_plugin>
